{
  "start": "2007-01-01",
  "cost_bps": 5.0,
  "results": {
    "Risk parity": {
      "sharpe": 0.5896967097346589,
      "ann_return": 0.05885555636567141,
      "ann_vol": 0.10665820878697696,
      "max_drawdown": -0.2712568265871971,
      "calmar": 0.21697354903896568,
      "avg_turnover": 0.015112109861920154
    },
    "RP + vol-target (10%)": {
      "sharpe": 0.5423078126178158,
      "ann_return": 0.04519279788847963,
      "ann_vol": 0.08880555239720796,
      "max_drawdown": -0.19909085525687453,
      "calmar": 0.22699584986045782,
      "avg_turnover": 0.014621211749829105
    },
    "Trend-RP + vol-target": {
      "sharpe": 0.48113158915529275,
      "ann_return": 0.027128307927070994,
      "ann_vol": 0.05929665934946958,
      "max_drawdown": -0.11468495351245378,
      "calmar": 0.23654635674700863,
      "avg_turnover": 0.029954823877783837
    },
    "60/40 (SPY/TLT)": {
      "sharpe": 0.7833921343827289,
      "ann_return": 0.08670459353342164,
      "ann_vol": 0.11452232075643713,
      "max_drawdown": -0.2992282510751846,
      "calmar": 0.2897607201922792,
      "avg_turnover": 0.00020454080589077522
    },
    "Buy-hold SPY": {
      "sharpe": 0.6247290867309371,
      "ann_return": 0.10892008071535364,
      "ann_vol": 0.19642169669653703,
      "max_drawdown": -0.5518945395107224,
      "calmar": 0.19735669211714948,
      "avg_turnover": 0.00020454080589077522
    }
  }
}