{
  "config": {
    "start": "2010-01-01",
    "cost_bps": 5.0,
    "n_shuffle": 500
  },
  "universe": {
    "requested": [
      "AAPL",
      "MSFT",
      "AMZN",
      "GOOGL",
      "META",
      "NVDA",
      "TSLA",
      "BRK-B",
      "JPM",
      "V",
      "JNJ",
      "WMT",
      "PG",
      "MA",
      "HD",
      "XOM",
      "CVX",
      "KO",
      "PEP",
      "ABBV",
      "BAC",
      "PFE",
      "AVGO",
      "COST",
      "DIS",
      "CSCO",
      "MRK",
      "ORCL",
      "ACN",
      "MCD"
    ],
    "with_prices": [
      "AAPL",
      "MSFT",
      "AMZN",
      "GOOGL",
      "META",
      "NVDA",
      "TSLA",
      "BRK-B",
      "JPM",
      "V",
      "JNJ",
      "WMT",
      "PG",
      "MA",
      "HD",
      "XOM",
      "CVX",
      "KO",
      "PEP",
      "ABBV",
      "BAC",
      "PFE",
      "AVGO",
      "COST",
      "DIS",
      "CSCO",
      "MRK",
      "ORCL",
      "ACN",
      "MCD"
    ]
  },
  "panel_rows": 5271,
  "names_with_gp_signal": [
    "AAPL",
    "MSFT",
    "AMZN",
    "GOOGL",
    "META",
    "NVDA",
    "TSLA",
    "JNJ",
    "WMT",
    "PG",
    "HD",
    "CVX",
    "KO",
    "PEP",
    "ABBV",
    "PFE",
    "AVGO",
    "COST",
    "CSCO",
    "MRK",
    "ORCL",
    "ACN",
    "MCD"
  ],
  "n_names_with_gp": 23,
  "test1_must_beat": {
    "LS_gross_profitability": {
      "ann_return": -0.010412878697034222,
      "ann_vol": 0.06916842454959703,
      "sharpe": -0.1167457434284459,
      "max_drawdown": -0.3861218695506512,
      "n_days": 4134,
      "monthly_mean": -0.0006940689946136086,
      "monthly_tstat": -0.5246628342236539,
      "n_months": 198,
      "avg_turnover": 0.024357534499043935
    },
    "long_only_top_tercile": {
      "ann_return": 0.209423796465245,
      "ann_vol": 0.18570674559041098,
      "sharpe": 1.1171926636592033,
      "max_drawdown": -0.30550187556073083,
      "n_days": 4134,
      "monthly_mean": 0.01703454970685771,
      "monthly_tstat": 4.95236580908976,
      "n_months": 198,
      "avg_turnover": 0.02541755937982353
    },
    "equal_weight_universe": {
      "ann_return": 0.19916532421397504,
      "ann_vol": 0.1650433551420567,
      "sharpe": 1.183563733796617,
      "max_drawdown": -0.3141270450075736,
      "n_days": 4134,
      "monthly_mean": 0.01594766024579037,
      "monthly_tstat": 5.623292839942306,
      "n_months": 198,
      "avg_turnover": 0.00024189646831156261
    },
    "SPY_buy_hold": {
      "ann_return": 0.1397585802710224,
      "ann_vol": 0.171250706511105,
      "sharpe": 0.8499194031722037,
      "max_drawdown": -0.33717276298387233,
      "n_days": 4134,
      "monthly_mean": 0.01177195209399116,
      "monthly_tstat": 3.9501828682826208,
      "n_months": 198,
      "avg_turnover": 0.00024189646831156264
    }
  },
  "test2_filing_shuffle_placebo": {
    "real_ann_return": -0.010412878697034222,
    "real_sharpe": -0.1167457434284459,
    "shuffled_ann_return_mean": -0.010038917625194555,
    "shuffled_ann_return_std": 0.016017228314452802,
    "shuffled_ann_return_p95": 0.01768336237078456,
    "shuffled_sharpe_mean": -0.12097349279717663,
    "shuffled_sharpe_p95": 0.289296511138984,
    "p_value_return": 0.514,
    "p_value_sharpe": 0.5,
    "real_return_percentile": 48.6,
    "n_shuffle": 500
  },
  "test3_lookahead_proof": {
    "real_ann_return": -0.010412878697034222,
    "real_sharpe": -0.1167457434284459,
    "filed_plus90_ann_return": -0.03368011411310956,
    "filed_plus90_sharpe": -0.4610129196732013,
    "delta_return_plus90": -0.023267235416075338,
    "interpretation": "delta should be small / non-positive; a large POSITIVE jump from delaying availability would indicate the production signal was using too-fresh data",
    "asof_equality_check": {
      "sample_date": "2019-11-08",
      "names_checked": 30,
      "value_mismatches_vs_manual_asof": 0,
      "future_filings_in_panel_after_sample": 2129,
      "note": "0 mismatches => factor value == as-of value built from filed<=date only"
    }
  },
  "verdict": {
    "ls_positive": false,
    "ls_tstat": -0.5246628342236539,
    "placebo_passed": false,
    "lookahead_clean": true,
    "long_only_beats_ew_sharpe": false
  }
}